file_name,morphology.width.midbody,morphology.length,locomotion.velocity.head_tip.speed,locomotion.velocity.head.speed,locomotion.velocity.midbody.speed,locomotion.velocity.tail.speed,locomotion.motion_events.forward.event_durations,locomotion.motion_events.forward.frequency,locomotion.motion_events.paused.event_durations,locomotion.motion_events.paused.frequency,locomotion.motion_events.backward.event_durations,locomotion.motion_events.backward.frequency,locomotion.omega_turns.frequency,locomotion.upsilon_turns.frequency,path.range,path.curvature,posture.eccentricity,posture.amplitude_ratio,posture.track_length,posture.coils.frequency,posture.kinks,posture.bends.head.mean,posture.bends.neck.mean,posture.bends.midbody.mean,posture.bends.hips.mean,posture.bends.tail.mean
247 JU438 on food R_2011_03_08__15_18___3___7,96.5677,1134.66,68.6219,56.5519,44.7251,40.724,1.84815,0.104560611,1.3653,0.140155713,1.4652,0.033370408,0.002224694,nan,2767.53,0.000508978,0.976985,0.705574,875.045,nan,4,-0.0244049,0.0384746,-0.0151242,-0.034684,0.00212915
399 CB4856 on food L_2011_03_08__11_48___3___1,91.5305,1148.39,202.311,191.456,176.704,174.853,4.17915,0.071190203,0.8325,0.027808673,1.3986,0.046718571,0.003337041,nan,2886.21,0.000438529,0.975203,0.730299,891.604,nan,4,-0.0274347,-0.0617043,-0.00796865,0.0710271,0.0837212
431 JU298 on food L_2011_03_08__12_23___3___3,90.7699,1114.86,254.662,236.764,216.579,212.889,6.9597,0.071190203,0.71595,0.008898775,1.3986,0.056729693,0.005561735,nan,2685.87,0.000582931,0.971872,0.722532,849.806,nan,4,-0.00620919,-0.0623003,0.014777,0.0134104,0.0192002
800 MY16 on food L_2011_03_08__12_57___3___5,93.4258,1150.31,181.615,158.604,134.447,128.034,2.6973,0.105669044,0.7326,0.054502981,1.7982,0.050053758,0.005561529,nan,3218.2,0.000468194,0.981151,0.705637,912.119,nan,4,-0.029761,-0.0614032,0.0101022,0.0391088,0.0769845
814 JU393 on food R_2011_03_08__16_28___3___11,96.4039,1263.78,255.448,237.887,222.624,217.795,5.1282,0.078973707,0.666,0.020021503,1.8648,0.058952204,0.00778614,nan,3735.3,0.000457132,0.975184,0.717576,975.333,nan,4,-0.0617973,0.0110135,0.00581326,0.0177342,0.0160832
883 RC301 on food L_2011_03_08__17_02___3___13,92.187,1224.19,263.253,249.476,236.248,234.051,5.7609,0.076749095,0.8658,0.017796892,1.4652,0.053390675,0.011123057,nan,3365.31,0.00039142,0.967506,0.719596,917.778,nan,3,0.0663268,0.00828525,-0.00583668,0.000143091,-0.0306858
N2 on food L_2011_03_08__15_53___3___9,94.3871,1278.59,153.803,143.377,130.427,124.068,3.47985,0.109009999,0.8991,0.075639591,1.5984,0.052280306,0.001112347,nan,3289.13,0.000499885,0.975541,0.746465,973.918,nan,4,0.0254664,0.00549313,-0.00233459,-0.000629041,-0.0222105
features_simulated_080311_7_200_200_200_200_7_600ep_nn,,,,,,,,,,,,,,,,,,,,,,,,,,
247 JU438 on food R_2011_03_08__15_18___3___7,97.48605709,1131.418856,145.0766525,138.1205616,134.8340529,129.5023436,1.160999698,0.120572336,0.619199839,0.017224619,0.773999799,0.054544628,0.00861231,0.00287077,12265.62034,0.000243496,0.979830923,0.677575483,1009.455619,0,3,1.149439033,2.243044988,-1.771133911,0.204392328,2.520110258
399 CB4856 on food L_2011_03_08__11_48___3___1,97.5808046,1131.743992,213.7110091,204.5804607,207.8308035,204.7037244,2.244599416,0.068898478,0.619199839,0.01435385,0.754649804,0.040190779,0.00861231,0,20509.0346,0.000141991,0.97966419,0.726976034,1024.463192,0,3,1.407265133,-0.932574032,-1.54274918,-3.497249712,-1.425165574
431 JU298 on food L_2011_03_08__12_23___3___3,97.594254,1131.880525,195.5654054,189.7731767,192.9473634,189.5261131,1.741499547,0.068898478,0,0,0.890099769,0.025836929,0,0.00574154,11360.15257,0.000154453,0.981526422,0.711185373,1030.800351,0,3,0.608030837,-1.878269215,-1.51500747,-2.515572778,-2.3028394
800 MY16 on food L_2011_03_08__12_57___3___5,97.57361228,1131.733226,207.0268591,198.8214349,201.3591633,197.8938257,4.914898722,0.048803089,0.541799859,0.00574154,0.657899829,0.020095389,0.00574154,0.00287077,13946.35937,0.000158693,0.979339932,0.726876229,1024.193466,0,3,-0.207426999,-2.810976432,-0.882620068,-1.978953126,-1.845549461
814 JU393 on food R_2011_03_08__16_28___3___11,97.55843096,1131.719547,214.6533248,205.678004,207.0443286,204.2336357,2.476799356,0.031578469,0.773999799,0.00574154,0.928799759,0.020095389,0.00574154,0.00287077,15855.58139,0.000155416,0.979672382,0.721617133,1026.05471,0,3,0.584524691,-1.194961893,-2.249951399,-1.04888231,0.087103992
883 RC301 on food L_2011_03_08__17_02___3___13,97.49707377,1131.424008,160.8763457,152.4516572,151.7623214,147.4287368,2.089799457,0.106218487,0.754649804,0.01148308,0.812699789,0.066027708,0.00861231,0.00287077,17245.36042,0.000202508,0.977548026,0.701340779,1009.691106,0,3,3.31062866,1.078340833,-3.011792848,-2.138828156,1.516789012
N2 on food L_2011_03_08__15_53___3___9,97.55325437,1131.679828,157.3413322,146.5807123,143.730542,137.6665234,1.857599517,0.117701566,0.619199839,0.01435385,0.657899829,0.066027708,0.00287077,0.00574154,19652.98805,0.000181876,0.979780404,0.698878049,1020.571152,0,3,0.533887363,-1.447620661,-2.487484026,-2.251794321,-0.174380604
features_simulated_080311_7_200_200_200_200_7_600ep_ln,,,,,,,,,,,,,,,,,,,,,,,,,,
247 JU438 on food R_2011_03_08__15_18___3___7,97.5313513,1131.584079,145.9382152,131.0902963,130.3007627,129.1710289,2.573549331,0.120572336,0.541799859,0.00287077,0.773999799,0.054544628,0.00861231,0.017224619,7770.727221,0.000168135,0.97713849,0.677150826,1004.080557,0,3,1.56276059,0.653789291,-1.704060533,-1.509020674,0.350046644
399 CB4856 on food L_2011_03_08__11_48___3___1,97.49759291,1131.444477,130.4532151,117.6864592,114.1946975,109.3580164,1.528649603,0.137796956,0.580499849,0.017224619,0.812699789,0.083252328,0.00287077,0.01435385,8752.901737,0.000192699,0.976531768,0.669715055,998.4415683,0,3,-0.897134643,-2.736689507,0.146486076,-3.636703528,-1.529224903
431 JU298 on food L_2011_03_08__12_23___3___3,97.55655031,1131.652104,187.0500447,180.8905009,181.3299408,176.8072331,2.670299306,0.071769248,0.735299809,0.01148308,0.851399779,0.037320009,0.01435385,0.00287077,11705.19306,0.00016986,0.978384595,0.691429658,1010.620105,0,3,0.659372525,-1.321568322,-1.985097798,-2.790723988,-2.420592319
800 MY16 on food L_2011_03_08__12_57___3___5,97.485376,1131.31386,139.9253771,126.0933399,125.1362608,118.6594778,2.012399477,0.132055416,0.580499849,0.01435385,0.851399779,0.057415398,0.020095389,0.00861231,8412.005604,0.000169486,0.974077638,0.672462883,991.072075,0,3,1.144324593,-0.09850158,-2.721424687,-5.7437224,-4.816891784
814 JU393 on food R_2011_03_08__16_28___3___11,97.52094903,1131.457723,107.1784582,87.57732504,83.41447875,83.1820596,2.051099467,0.180858505,0.696599819,0.017224619,0.735299809,0.111960027,0.00287077,0.00861231,13462.41512,0.00018617,0.977681416,0.662041639,999.4043712,0,3,-2.309604276,-0.6733263,1.995288136,-5.138549507,-3.852397702
883 RC301 on food L_2011_03_08__17_02___3___13,97.48613963,1131.329005,111.6262348,97.9735714,96.74374524,90.85999147,1.973699487,0.149280036,0.793349794,0.01148308,0.754649804,0.103347717,0.01148308,0.00861231,20422.89525,0.000192202,0.975739363,0.660226183,987.8525385,0,3,0.974722416,1.509431223,-1.352865439,-3.413023003,0.432577934
N2 on food L_2011_03_08__15_53___3___9,97.52418599,1131.566588,151.8798462,142.2276978,141.8935396,136.8188874,1.896299507,0.129184646,0.619199839,0.01435385,0.638549834,0.063156938,0.00574154,0.00861231,13204.45855,0.000165114,0.977234287,0.697912934,1007.696963,0,3,0.179181597,-1.397607645,-1.07676557,-2.459085039,-0.294248949
features_simulated_080311_7_200_200_200_200_7_600ep_sn,,,,,,,,,,,,,,,,,,,,,,,,,,
247 JU438 on food R_2011_03_08__15_18___3___7,97.53448951,1131.54376,142.6051842,129.2866547,124.9771454,120.8832296,1.702799557,0.143538496,0.696599819,0.00861231,0.812699789,0.057415398,0.00574154,0.01148308,11680.74234,0.000209039,0.979058086,0.688378105,1013.961152,0,3,1.66877102,1.288897137,-1.482778183,-2.429315991,0.739697254
399 CB4856 on food L_2011_03_08__11_48___3___1,97.54964603,1131.672924,202.391672,193.348333,193.6648571,190.6391077,3.869998994,0.063156938,0.619199839,0.00287077,0.715949814,0.028707699,0.00287077,0,19536.20485,0.000171079,0.979136211,0.716892875,1021.373733,0,3,1.148901176,-1.068048958,-0.870945245,-3.427280277,-1.477042878
431 JU298 on food L_2011_03_08__12_23___3___3,97.54246868,1131.649463,183.1342809,176.7988342,178.4081544,173.5441505,1.741499547,0.100476947,0.696599819,0.017224619,0.832049784,0.045932319,0.00287077,0.00574154,8662.070042,0.000160055,0.980126342,0.702774817,1019.233557,0,3,0.799954831,0.803905969,-2.338732571,-0.634664973,3.539579402
800 MY16 on food L_2011_03_08__12_57___3___5,97.54803079,1131.66126,172.6145994,163.3893483,163.9029094,161.2638718,2.728349291,0.091864637,0.541799859,0.01148308,0.773999799,0.043061549,0.00287077,0.00574154,11720.94416,0.000194494,0.979651997,0.714414049,1020.704986,0,3,0.364469399,-1.346896862,-1.446985371,-2.86292066,-2.155960717
814 JU393 on food R_2011_03_08__16_28___3___11,97.51918881,1131.472723,122.5140922,109.4930692,106.912888,102.8901621,1.934999497,0.155021575,0.503099869,0.00861231,0.812699789,0.071769248,0.00861231,0.00574154,11256.40394,0.000233311,0.979082371,0.674540035,1006.622553,0,3,0.99950727,-0.230538263,-1.946680542,-1.46202758,0.109091276
883 RC301 on food L_2011_03_08__17_02___3___13,97.55304902,1131.663711,187.8539177,179.6684671,177.8500918,174.4952574,2.128499447,0.088993867,0.735299809,0.00574154,0.773999799,0.054544628,0.00574154,0.01148308,16367.54109,0.000167676,0.979445299,0.708549912,1019.394058,0,3,-1.343904735,-3.318207423,-0.757709617,-3.544864368,-2.424289923
N2 on food L_2011_03_08__15_53___3___9,97.57429238,1131.718042,193.7094836,186.6700498,187.6660228,183.0716542,5.147098662,0.071769248,0,0,0.735299809,0.034449239,0.01148308,0.00574154,15851.46371,0.000155911,0.979684519,0.706572741,1021.405098,0,3,-1.096304069,-3.120368602,-0.194379945,-3.361723244,-2.364385642
features_simulated_080311_7_200_200_200_200_7_1000ep_nn,,,,,,,,,,,,,,,,,,,,,,,,,,
247 JU438 on food R_2011_03_08__15_18___3___7,97.55200412,1131.633779,273.6663467,261.8390199,261.1833939,258.4895232,348.3386094,0.00287077,0,0,0,0,0,0,17145.9512,-1.93E-05,0.981502732,0.747810669,1029.721631,0,3,-0.836313651,-0.184872314,-0.489980324,-1.057320818,-0.254444042
399 CB4856 on food L_2011_03_08__11_48___3___1,97.55046944,1131.634183,270.8483707,258.9785167,258.6186595,255.1026872,4.334398873,0.01148308,0,0,0.735299809,0.00861231,0,0,15602.39395,-1.24E-05,0.981485087,0.74385122,1028.275956,0,3,-0.132087379,0.435705938,-0.526131599,-1.061616534,-0.434468495
431 JU298 on food L_2011_03_08__12_23___3___3,97.55257589,1131.595372,275.7678354,263.0281717,262.5538515,258.4568559,348.3386094,0.00287077,0,0,0,0,0,0,13945.24185,-1.61E-05,0.981040499,0.749199164,1026.686606,0,3,-1.238941258,0.165648415,-0.654053421,-1.342121511,-0.099272971
800 MY16 on food L_2011_03_08__12_57___3___5,97.55244698,1131.686632,263.4757849,251.9168641,252.2164903,250.1445093,173.9177548,0,0,0,0,0,0,0,22057.79115,-2.14E-05,0.982274607,0.75101156,1033.482943,0,3,-0.72427467,-0.00166807,-0.499917345,-0.763041125,-0.076550493
814 JU393 on food R_2011_03_08__16_28___3___11,97.54692092,1131.604474,266.2140882,255.3971143,255.4265497,252.6579049,2.283299406,0.022966159,0.541799859,0.00287077,0.870749774,0.01148308,0.00287077,0,17383.84451,5.97E-08,0.980887953,0.740915716,1025.957113,0,3,0.275136236,-0.04059805,-0.466061202,-0.922049226,-1.151889618
883 RC301 on food L_2011_03_08__17_02___3___13,97.542775,1131.610271,270.2984947,259.036659,258.3038422,254.8516344,72.2915812,0.00861231,0.657899829,0.00287077,0.773999799,0.00861231,0,0,18157.81378,-1.39E-05,0.981692891,0.748464804,1029.701975,0,3,-0.654033609,0.081088028,-1.177333616,-0.329019905,-0.040760989
N2 on food L_2011_03_08__15_53___3___9,97.5506838,1131.600921,269.3976145,258.2331865,257.8088138,254.2886269,173.8984048,0,0,0,0,0,0,0,20556.7799,1.65E-08,0.980685025,0.744458233,1024.294319,0,3,-0.443635537,0.386398283,-0.145994421,-1.042423852,-0.317698597
features_simulated_080311_7_200_200_200_200_7_1000ep_sn,,,,,,,,,,,,,,,,,,,,,,,,,,
247 JU438 on food R_2011_03_08__15_18___3___7,97.52330224,1131.550078,240.9181939,231.9826015,233.7846443,231.7640691,2.573549331,0.040190779,0.503099869,0.00861231,0.948149753,0.01148308,0,0,29273.97411,3.64E-05,0.980972774,0.72653938,1023.992755,0,3,1.703443104,-0.204056186,-0.20091015,0.886546414,-0.476994043
399 CB4856 on food L_2011_03_08__11_48___3___1,97.53321017,1131.583608,245.4644979,233.9199426,234.8100501,231.8492049,2.554199336,0.051673858,0.619199839,0.00861231,0.657899829,0.00861231,0,0.00287077,17315.76241,1.80E-05,0.980677722,0.726235952,1023.251662,0,3,0.023273115,0.207649108,-0.525488594,-1.389474074,-0.691999339
431 JU298 on food L_2011_03_08__12_23___3___3,97.56070584,1131.688965,262.7282464,250.9236284,252.1140215,249.1881853,348.3386094,0.00287077,0,0,0,0,0,0,18419.7788,6.78E-07,0.981332518,0.73970723,1028.558888,0,3,-0.226969199,0.154094809,-0.510611938,-0.892844674,-0.123421169
800 MY16 on food L_2011_03_08__12_57___3___5,97.55563607,1131.68279,258.8027551,245.0611097,244.5164952,241.4291269,173.3953049,0,0,0,0.735299809,0.00287077,0,0,25308.32484,-2.32E-05,0.982199329,0.741476529,1032.415421,0,3,-0.302685215,0.136168267,-0.657425571,-0.868610283,-0.039830115
814 JU393 on food R_2011_03_08__16_28___3___11,97.53086887,1131.571822,223.3362592,215.4934152,215.8841129,212.8111238,1.702799557,0.068898478,0.773999799,0.01148308,0.715949814,0.040190779,0.00287077,0,19794.56224,4.37E-05,0.980351445,0.724150084,1021.864361,0,3,0.445239596,0.163696601,-0.47060949,-0.129582051,-1.299837387
883 RC301 on food L_2011_03_08__17_02___3___13,97.51381491,1131.487841,249.4840132,240.833812,242.1478082,239.3002279,1.818899527,0.057415398,0.696599819,0.01435385,0.851399779,0.025836929,0.00287077,0.00287077,17829.31647,3.33E-05,0.979415513,0.725180512,1017.961731,0,3,0.843093935,0.024565632,-0.944002694,0.623905979,-0.066201377
N2 on food L_2011_03_08__15_53___3___9,97.55178949,1131.673118,263.6211492,251.2014879,250.7236785,248.3661501,173.7436048,0,0,0,0.696599819,0.00287077,0,0,22807.95768,-1.71E-05,0.982238892,0.739241735,1031.555799,0,3,-0.648084992,0.234389776,-0.579498479,-0.530978352,0.25202877
features_simulated_080311_7_200_200_200_200_7_1000ep_ln,,,,,,,,,,,,,,,,,,,,,,,,,,
247 JU438 on food R_2011_03_08__15_18___3___7,97.50008265,1131.557012,225.3820087,213.1027853,214.67656,211.7801967,5.882398471,0.037320009,0.677249824,0.017224619,0.773999799,0.025836929,0.00861231,0,30080.06854,5.23E-05,0.980244921,0.71293212,1022.080361,0,3,0.919862424,-0.035074683,-0.349558959,-0.068848161,0.409440952
399 CB4856 on food L_2011_03_08__11_48___3___1,97.5271785,1131.631327,220.4128609,207.1223812,207.1432119,205.4057173,6.753148244,0.040190779,0.657899829,0.00861231,0.657899829,0.017224619,0.00574154,0,39214.30222,9.69E-05,0.980721711,0.703769108,1021.965993,0,3,0.652693129,-0.278102929,-0.964421537,-0.508472947,0.523387401
431 JU298 on food L_2011_03_08__12_23___3___3,97.51585141,1131.563649,216.2843135,202.3273948,201.9641033,199.59174,4.024798954,0.040190779,0,0,0.735299809,0.025836929,0,0.00287077,37755.1252,9.04E-05,0.980204749,0.69464107,1017.741636,0,3,0.667435975,-0.182027307,-0.495694656,-0.335097341,1.537371921
800 MY16 on food L_2011_03_08__12_57___3___5,97.50282765,1131.585728,179.6570079,168.2275431,166.0211655,164.5797647,1.547999598,0.088993867,0.696599819,0.01435385,0.580499849,0.020095389,0.00287077,0.00287077,22525.41572,0.000130608,0.981153609,0.695515901,1019.671438,0,3,0.092021316,-0.575938972,1.123728332,-1.052317989,-2.621738227
814 JU393 on food R_2011_03_08__16_28___3___11,97.51252615,1131.569474,172.788076,160.0432935,156.8043977,156.1749655,2.012399477,0.103347717,0.773999799,0.01148308,0.812699789,0.043061549,0.00574154,0,21708.61084,0.000107595,0.981022386,0.695483046,1021.61323,0,3,1.5936243,-0.535063022,-0.551574128,-1.183514414,-2.280132194
883 RC301 on food L_2011_03_08__17_02___3___13,97.51864869,1131.576211,218.43867,207.4062362,208.2058217,205.1485803,3.405599115,0.048803089,0.715949814,0.00574154,0.503099869,0.00861231,0.00574154,0.00287077,33763.41218,0.000108708,0.980539926,0.707268726,1021.014803,0,3,2.309466486,-0.157526929,-1.26170443,1.107582651,1.315578647
N2 on food L_2011_03_08__15_53___3___9,97.51054037,1131.535256,158.3223206,146.8218522,142.8462046,141.2367313,2.167199437,0.117701566,0.735299809,0.00861231,0.657899829,0.057415398,0.00287077,0.00287077,18517.34626,0.00013855,0.980375643,0.684052044,1016.949283,0,3,1.620529852,-1.105738427,-1.147378156,-0.684022222,-0.150134691
,,,,,,,,,,,,,,,,,,,,,,,,,,
file_name,morphology.width.midbody,morphology.length,locomotion.velocity.head_tip.speed,locomotion.velocity.head.speed,locomotion.velocity.midbody.speed,locomotion.velocity.tail.speed,locomotion.motion_events.forward.event_durations,locomotion.motion_events.forward.frequency,locomotion.motion_events.paused.event_durations,locomotion.motion_events.paused.frequency,locomotion.motion_events.backward.event_durations,locomotion.motion_events.backward.frequency,locomotion.omega_turns.frequency,locomotion.upsilon_turns.frequency,path.range,path.curvature,posture.eccentricity,posture.amplitude_ratio,posture.track_length,posture.coils.frequency,posture.kinks,posture.bends.head.mean,posture.bends.neck.mean,posture.bends.midbody.mean,posture.bends.hips.mean,posture.bends.tail.mean
247 JU438 on food L_2011_03_07__12_53___3___7,88.5542,1129.88,143.349,122.549,107.452,101.751,2.28105,0.13013977,0.7659,0.076749095,1.4985,0.0389307,0.002224611,nan,2594.5,0.000562002,0.972312,0.707385,858.061,nan,4,0.152472,0.0521603,0.00989757,-0.0817128,-0.133655
300 LSJ1 on food L_2011_03_07__16_33___3___13,86.8117,1212.43,260.491,243.334,230.871,230.43,7.47585,0.068962955,0.88245,0.006673834,1.6317,0.047829146,0.006673834,nan,3258.18,0.000490473,0.964359,0.748925,884.587,nan,4,0.102181,0.0320955,0.00639038,-0.0556975,-0.0593218
399 CB4856 on food R_2011_03_07__11_08___3___1,91.4023,1148.28,231.763,217.53,200.194,199.513,10.8558,0.061176815,0.88245,0.017796892,1.2987,0.0389307,0.001112306,nan,3619.38,0.000476613,0.979521,0.720906,908.235,nan,4,-0.0830415,-0.0911558,0.00255716,0.0673945,0.0644908
431 JU298 on food L_2011_03_07__11_42___3___3,90.1028,1152.97,230.722,213.216,195.038,187.734,4.7619,0.096774183,0.64935,0.022246939,1.5651,0.054504999,0.003337041,nan,3048.73,0.000527208,0.969894,0.737045,865.143,nan,4,0.109328,-0.0214099,0.00974783,-0.000450532,-0.0800986
800 MY16 on food R_2011_03_07__12_17___3___5,90.8661,1123.68,226.222,208.297,195.719,192.202,4.44555,0.087872152,0.78255,0.033369172,1.4652,0.053390675,0.005561529,nan,3115.32,0.000452065,0.98332,0.716784,906.395,nan,4,0.0143179,0.0322614,0.00958315,-0.0395799,-0.0409323
814 JU393 on food R_2011_03_07__15_58___3___11,92.7257,1217.21,243.933,228.459,212.505,211.005,7.4592,0.062289121,0.5661,0.003336917,1.8648,0.045604535,0.004449223,nan,3726.92,0.000494227,0.975323,0.73483,940.801,nan,4,0.00400658,0.0558531,0.00638424,-0.0314238,-0.0230189
N2 on food R_2011_03_07__15_24___3___9,93.9691,1316.8,20.0075,16.5318,12.4588,6.85042,1.5318,0.087875407,1.4319,0.22469408,1.1322,0.074527244,nan,nan,907.173,0.000424764,0.978976,0.68847,999.725,nan,4,-0.262245,-0.0781639,-0.0236786,0.146007,0.270365
features_simulated_7_200_200_200_7_600ep,,,,,,,,,,,,,,,,,,,,,,,,,,
247 JU438 on food R_2011_03_08__15_18___3___7_eig_generated,97.4904593,1131.425266,48.12741242,39.03792319,32.41913868,35.31715356,1.277099668,0.221049283,0.812699789,0.037320009,0.870749774,0.114830797,0.022966159,0.00287077,6487.545628,0.000333711,0.980299448,0.665435446,1000.165408,0,3,0.560900381,6.542965204,-2.998757562,3.700684283,6.507052419
247 JU438 on food R_2011_03_08__15_18___3___7_eig_generated_Lnoise,97.37648226,1131.09363,71.60473923,58.03141947,54.53256349,55.06879337,2.360699386,0.195212354,0.715949814,0.00574154,0.948149753,0.120572336,0.020095389,0.01148308,7257.266494,0.000224806,0.970628825,0.685841853,975.212039,0,3,-1.501010923,4.52155437,-1.384078829,-3.107008274,-0.901119055
247 JU438 on food R_2011_03_08__15_18___3___7_eig_generated_noise,97.47964095,1131.426527,64.81567626,53.96663123,49.58519944,48.3438167,1.489949613,0.186600044,0.715949814,0.022966159,0.890099769,0.094735407,0.017224619,0.00287077,6366.773267,0.000318745,0.979811132,0.667428779,1004.684439,0,3,0.431063425,7.58919272,-2.646008292,4.391838887,4.9508041
399 CB4856 on food L_2011_03_08__11_48___3___1_eig_generated,97.37747622,1131.070327,44.57446564,35.6488049,44.74784579,28.50553813,1.431899628,0.198083124,0.773999799,0.031578469,0.890099769,0.117701566,0.071769248,0,9568.237588,0.000312619,0.976432565,0.681555934,979.0750722,0,3,2.815274795,9.472087316,-7.437493971,-4.18466835,-0.453339264
399 CB4856 on food L_2011_03_08__11_48___3___1_eig_generated_Lnoise,97.39848258,1131.140621,70.2763901,55.38964691,51.57585717,50.21916622,1.818899527,0.229661593,0.580499849,0.031578469,0.773999799,0.106218487,0.00861231,0.00861231,3129.60676,0.000310463,0.974950602,0.679673718,982.0940823,0,3,3.129184307,4.727692199,-2.541220242,3.389147994,4.469111275
399 CB4856 on food L_2011_03_08__11_48___3___1_eig_generated_noise,97.41922003,1131.327098,49.29549136,38.32344138,40.98855908,32.97651808,1.489949613,0.206695434,0.657899829,0.031578469,0.890099769,0.100476947,0.040190779,0,4026.602803,0.000242518,0.9765102,0.683330769,997.2015326,0,3,1.922377555,7.115046769,-5.39888284,0.663982765,1.943869844
431 JU298 on food L_2011_03_08__12_23___3___3_eig_generated,97.4399168,1131.351443,71.10274469,56.90826524,53.12365518,48.57901701,1.915649502,0.172246195,0.580499849,0.025836929,0.890099769,0.109089257,0.025836929,0,8561.966695,0.000328322,0.97897943,0.688526396,1006.521137,0,3,2.034241738,8.007871883,-4.751975045,1.231373639,3.688005076
431 JU298 on food L_2011_03_08__12_23___3___3_eig_generated_Lnoise,97.44380567,1131.323694,77.05538189,61.09445905,61.06295903,56.85892951,1.818899527,0.212436974,0.715949814,0.01148308,0.812699789,0.106218487,0.020095389,0.00574154,5779.381727,0.000255415,0.973282659,0.693415872,985.5460805,0,3,0.884480789,6.892509575,-5.408435904,0.306948511,1.273935709
431 JU298 on food L_2011_03_08__12_23___3___3_eig_generated_noise,97.49890164,1131.501525,63.09277683,49.8121725,44.99836429,45.72872478,1.470599618,0.218178513,0.619199839,0.034449239,0.870749774,0.143538496,0.017224619,0.00287077,4336.330404,0.000254035,0.977586803,0.685031723,1003.16414,0,3,-1.695347806,4.530490734,-2.201583965,1.498203156,4.086679697
800 MY16 on food L_2011_03_08__12_57___3___5_eig_generated,97.39362808,1131.161888,54.18235051,41.08225548,44.56149374,34.12589487,1.567349592,0.200953894,0.696599819,0.022966159,0.890099769,0.140667726,0.054544628,0,11487.28902,0.000287256,0.977403748,0.703565151,1004.208034,0,3,2.095925387,7.828332529,-6.570139646,1.762390365,3.830653532
800 MY16 on food L_2011_03_08__12_57___3___5_eig_generated_Lnoise,97.37722865,1130.9774,69.60471921,56.77332679,60.162843,50.60716864,1.547999598,0.221049283,0.619199839,0.01435385,0.812699789,0.097606177,0.01435385,0.01148308,5148.725065,0.000263157,0.969014279,0.685648867,963.3199692,0,3,0.250996207,4.669511305,-2.200962341,-1.141823653,-0.160155841
800 MY16 on food L_2011_03_08__12_57___3___5_eig_generated_noise,97.36608721,1130.905754,79.97195934,66.53218777,68.43345979,57.51329613,2.225249421,0.177987735,0.580499849,0.028707699,0.851399779,0.100476947,0.045932319,0,4704.481533,0.00035006,0.972987729,0.694372516,974.7661314,0,3,-0.864746189,3.692438968,-2.529659354,-6.771641978,-5.797752197
814 JU393 on food R_2011_03_08__16_28___3___11_eig_generated,97.49715628,1131.499937,62.10097438,46.70052931,43.57555561,41.40328102,1.567349592,0.215307744,0.657899829,0.025836929,0.870749774,0.120572336,0.022966159,0.00287077,6211.14867,0.000319072,0.978466346,0.702071924,1007.750273,0,3,1.230706906,6.412475123,-4.603638514,1.588576033,4.058536973
814 JU393 on food R_2011_03_08__16_28___3___11_eig_generated_Lnoise,97.44876893,1131.403137,99.33561641,87.18446273,86.91137477,83.12640147,2.360699386,0.152150805,0.696599819,0.025836929,0.851399779,0.088993867,0.01435385,0,8091.323404,0.000223198,0.974775538,0.659983889,987.2991009,0,3,-0.066199436,4.736640817,-0.885079046,1.336343746,1.747808708
814 JU393 on food R_2011_03_08__16_28___3___11_eig_generated_noise,97.49057616,1131.46229,70.80516723,59.2082415,57.13444362,52.4406292,1.470599618,0.195212354,0.580499849,0.00861231,0.870749774,0.120572336,0.028707699,0,5991.129314,0.000245711,0.978754746,0.688396359,1006.038742,0,3,1.665672817,6.016356154,-3.895654295,2.344884567,5.276557441
883 RC301 on food L_2011_03_08__17_02___3___13_eig_generated,97.5033034,1131.18552,55.40958077,45.45542661,42.47336899,40.52863758,1.412549633,0.232532363,0.541799859,0.020095389,0.812699789,0.111960027,0.025836929,0.00574154,5212.292928,0.000386748,0.976514064,0.672292846,993.9963488,0,3,-2.143247087,0.69624997,-2.013773421,-3.126030005,-5.207567612
883 RC301 on food L_2011_03_08__17_02___3___13_eig_generated_Lnoise,97.41061565,1131.241264,82.5416446,67.06493616,65.97769837,63.68478343,2.012399477,0.203824664,0.619199839,0.020095389,0.773999799,0.100476947,0.022966159,0.00287077,4919.532892,0.000341975,0.973301696,0.690830795,987.1292598,0,3,-2.251077983,3.610460907,-1.654099023,-0.991752109,0.727641548
883 RC301 on food L_2011_03_08__17_02___3___13_eig_generated_noise,97.4113078,1131.200701,64.8837179,52.74713669,50.3977198,42.74016984,1.625399577,0.209566204,0.638549834,0.022966159,0.851399779,0.120572336,0.00861231,0.00287077,6668.267256,0.000322513,0.975299056,0.711955807,994.5563072,0,3,-0.037973454,4.594259903,-4.062998723,0.644351072,4.290447826
N2 on food L_2011_03_08__15_53___3___9_eig_generated,96.29800421,1128.409871,-62.67793795,-74.39095972,67.29990868,-35.73355538,2.012399477,0.106218487,0.580499849,0.01148308,0.870749774,0.057415398,0.562670903,0,1699.903815,-0.004248177,0.827940443,0.90929651,622.9148766,0,3,2.164768324,11.29950002,-31.90455167,-22.84359601,-17.84801788
N2 on food L_2011_03_08__15_53___3___9_eig_generated_noise,97.4415684,1131.403549,81.84021776,67.67114629,62.1980973,59.2728381,1.896299507,0.186600044,0.503099869,0.01435385,0.890099769,0.117701566,0.00861231,0.00574154,8436.896622,0.000237435,0.976573389,0.690737148,996.785654,0,3,0.594061866,5.185901067,-3.090958807,1.547725658,2.616854903
N2 on food L_2011_03_08__15_53___3___9_eig_generated_Lnoise,97.3495562,1131.044054,73.94212567,56.97797057,54.0168691,49.94456668,1.547999598,0.209566204,0.638549834,0.017224619,0.851399779,0.106218487,0.017224619,0.00287077,4950.872437,0.000239807,0.969334916,0.671490494,966.2583539,0,3,-0.625000677,4.510787916,-1.795872673,-6.755548787,-0.505254245
,,,,,,,,,,,,,,,,,,,,,,,,,,
file_name,morphology.width.midbody,morphology.length,locomotion.velocity.head_tip.speed,locomotion.velocity.head.speed,locomotion.velocity.midbody.speed,locomotion.velocity.tail.speed,locomotion.motion_events.forward.event_durations,locomotion.motion_events.forward.frequency,locomotion.motion_events.paused.event_durations,locomotion.motion_events.paused.frequency,locomotion.motion_events.backward.event_durations,locomotion.motion_events.backward.frequency,locomotion.omega_turns.frequency,locomotion.upsilon_turns.frequency,path.range,path.curvature,posture.eccentricity,posture.amplitude_ratio,posture.track_length,posture.coils.frequency,posture.kinks,posture.bends.head.mean,posture.bends.neck.mean,posture.bends.midbody.mean,posture.bends.hips.mean,posture.bends.tail.mean
247 JU438 on food L_2011_03_07__12_53___3___7,88.5542,1129.88,143.349,122.549,107.452,101.751,2.28105,0.13013977,0.7659,0.076749095,1.4985,0.0389307,0.002224611,nan,2594.5,0.000562002,0.972312,0.707385,858.061,nan,4,0.152472,0.0521603,0.00989757,-0.0817128,-0.133655
300 LSJ1 on food L_2011_03_07__16_33___3___13,86.8117,1212.43,260.491,243.334,230.871,230.43,7.47585,0.068962955,0.88245,0.006673834,1.6317,0.047829146,0.006673834,nan,3258.18,0.000490473,0.964359,0.748925,884.587,nan,4,0.102181,0.0320955,0.00639038,-0.0556975,-0.0593218
399 CB4856 on food R_2011_03_07__11_08___3___1,91.4023,1148.28,231.763,217.53,200.194,199.513,10.8558,0.061176815,0.88245,0.017796892,1.2987,0.0389307,0.001112306,nan,3619.38,0.000476613,0.979521,0.720906,908.235,nan,4,-0.0830415,-0.0911558,0.00255716,0.0673945,0.0644908
431 JU298 on food L_2011_03_07__11_42___3___3,90.1028,1152.97,230.722,213.216,195.038,187.734,4.7619,0.096774183,0.64935,0.022246939,1.5651,0.054504999,0.003337041,nan,3048.73,0.000527208,0.969894,0.737045,865.143,nan,4,0.109328,-0.0214099,0.00974783,-0.000450532,-0.0800986
800 MY16 on food R_2011_03_07__12_17___3___5,90.8661,1123.68,226.222,208.297,195.719,192.202,4.44555,0.087872152,0.78255,0.033369172,1.4652,0.053390675,0.005561529,nan,3115.32,0.000452065,0.98332,0.716784,906.395,nan,4,0.0143179,0.0322614,0.00958315,-0.0395799,-0.0409323
814 JU393 on food R_2011_03_07__15_58___3___11,92.7257,1217.21,243.933,228.459,212.505,211.005,7.4592,0.062289121,0.5661,0.003336917,1.8648,0.045604535,0.004449223,nan,3726.92,0.000494227,0.975323,0.73483,940.801,nan,4,0.00400658,0.0558531,0.00638424,-0.0314238,-0.0230189
N2 on food R_2011_03_07__15_24___3___9,93.9691,1316.8,20.0075,16.5318,12.4588,6.85042,1.5318,0.087875407,1.4319,0.22469408,1.1322,0.074527244,nan,nan,907.173,0.000424764,0.978976,0.68847,999.725,nan,4,-0.262245,-0.0781639,-0.0236786,0.146007,0.270365
features_simulated_7_200_200_200_7_1000ep,,,,,,,,,,,,,,,,,,,,,,,,,,
247 JU438 on food R_2011_03_08__15_18___3___7_eig_generated,97.56531331,1131.645265,70.18648779,53.3229938,49.58671568,52.55960059,1.470599618,0.192341584,0.870749774,0.040190779,0.735299809,0.066027708,0.00574154,0.00574154,10612.04368,0.000243445,0.982255141,0.667627799,1018.965045,0,3,6.438406899,8.258469979,-5.415649731,-1.598016104,-4.377048094
247 JU438 on food R_2011_03_08__15_18___3___7_eig_generated_Lnoise,97.58108153,1131.640727,86.33445265,70.36334745,68.21520006,67.61707773,1.741499547,0.192341584,0.580499849,0.020095389,0.832049784,0.106218487,0.00861231,0.00287077,5788.549217,0.000208189,0.979303208,0.676709051,1010.218666,0,3,-0.973327876,0.008703953,-3.116366065,1.821818558,0.1040298
247 JU438 on food R_2011_03_08__15_18___3___7_eig_generated_noise,97.5966387,1131.882248,96.04574434,83.22576115,80.44425469,79.50505759,1.876949512,0.169375425,0.619199839,0.031578469,0.696599819,0.071769248,0.00287077,0,4707.434698,0.000221218,0.980717897,0.68138525,1022.203069,0,3,0.701529378,-2.193344786,-2.726902278,1.994150506,0.5368522
399 CB4856 on food L_2011_03_08__11_48___3___1_eig_generated,97.63227141,1132.010617,96.90298263,83.64519546,80.75697841,80.37033654,2.786399276,0.157892345,0.715949814,0.022966159,0.832049784,0.074640018,0.00574154,0,6805.816858,0.000172381,0.982203925,0.681899011,1026.887489,0,3,1.100766185,1.413963373,-3.680968715,2.255368862,1.928640063
399 CB4856 on food L_2011_03_08__11_48___3___1_eig_generated_Lnoise,97.53698267,1131.541651,89.83237257,77.0662155,71.07364259,71.51686336,3.19274917,0.172246195,0.735299809,0.017224619,0.657899829,0.066027708,0.01148308,0.00574154,5351.329581,0.000215691,0.976652668,0.676949214,1001.171058,0,3,3.136690274,3.65062208,-5.768021616,-0.196299482,-0.763957612
399 CB4856 on food L_2011_03_08__11_48___3___1_eig_generated_noise,97.57770976,1131.770754,98.73090193,83.56012081,81.44709653,80.62744151,1.625399577,0.166504655,0.599849844,0.01148308,0.793349794,0.080381558,0.00861231,0.00574154,6657.367038,0.000238189,0.979346131,0.684269379,1018.148233,0,3,0.93101234,0.44289785,-4.471533075,1.171744399,-1.414159003
431 JU298 on food L_2011_03_08__12_23___3___3_eig_generated,97.63280333,1132.006632,83.16811073,69.9779837,65.32268553,65.82405124,1.934999497,0.198083124,0.619199839,0.025836929,0.793349794,0.103347717,0.00287077,0,6101.994706,0.00026022,0.981377012,0.667660247,1027.552175,0,3,1.686163569,2.598311421,-4.772699439,2.305663124,0.407017335
431 JU298 on food L_2011_03_08__12_23___3___3_eig_generated_Lnoise,97.58134964,1131.780822,110.6907374,96.09779684,93.71535867,91.83292402,2.825099265,0.152150805,0.735299809,0.020095389,0.773999799,0.060286168,0.01148308,0.01435385,8738.183684,0.000193721,0.97891092,0.669297343,1014.107665,0,3,0.538843023,0.621787094,-4.652741165,0.872187704,-0.013092923
431 JU298 on food L_2011_03_08__12_23___3___3_eig_generated_noise,97.57002246,1131.890479,82.8316347,68.34351071,65.80552043,64.70536935,1.489949613,0.160763115,0.619199839,0.037320009,0.657899829,0.097606177,0.00574154,0.00574154,6218.253121,0.000230164,0.97878167,0.669263802,1015.950398,0,3,4.438972063,1.977277238,-5.534514357,3.689856892,-0.859574073
800 MY16 on food L_2011_03_08__12_57___3___5_eig_generated,97.49209147,1131.444633,98.18530513,83.77327058,78.5537517,76.25191211,1.896299507,0.132055416,0.735299809,0.066027708,0.677249824,0.057415398,0.00287077,0,2951.479615,0.000252992,0.976433014,0.684009287,999.1230275,0,3,6.917601649,10.5054931,-6.835366958,-7.064331087,-8.705122636
800 MY16 on food L_2011_03_08__12_57___3___5_eig_generated_Lnoise,97.58168904,1131.757446,91.36902706,76.08871222,72.32078777,73.61019371,2.167199437,0.169375425,0.696599819,0.031578469,0.754649804,0.086123097,0.00574154,0.00574154,3834.918015,0.000196875,0.978895632,0.663149476,1009.032477,0,3,0.271430659,-2.015361453,-4.416119686,2.753195334,-0.016208981
800 MY16 on food L_2011_03_08__12_57___3___5_eig_generated_noise,97.55746508,1131.682185,94.22134855,81.25734895,77.8079832,78.0446125,1.780199537,0.166504655,0.657899829,0.028707699,0.967499748,0.071769248,0.00574154,0.00574154,4014.931445,0.000231403,0.977417504,0.662329082,1002.556061,0,3,3.929756004,3.825105423,-4.726491919,0.339254089,-4.347520273
814 JU393 on food R_2011_03_08__16_28___3___11_eig_generated,97.45012574,1131.228316,57.12637892,39.97115188,34.04295245,35.86975028,1.741499547,0.169375425,0.735299809,0.066027708,0.773999799,0.094735407,0.00861231,0.00287077,4483.057654,0.000288887,0.976197649,0.689043429,990.7243381,0,3,8.437308006,8.913019592,-6.125083679,-5.081805647,-8.460744704
814 JU393 on food R_2011_03_08__16_28___3___11_eig_generated_Lnoise,97.43551739,1131.17732,75.99911889,59.12243645,60.20874217,52.55775297,2.476799356,0.175116965,0.696599819,0.037320009,0.773999799,0.091864637,0.028707699,0,5440.911026,0.00023559,0.971220113,0.671625086,978.9256782,0,3,4.77273873,3.36235593,-5.169559768,-2.933093137,-4.794224375
814 JU393 on food R_2011_03_08__16_28___3___11_eig_generated_noise,97.45498272,1131.26151,64.76638354,47.09389249,39.01585315,40.9714205,1.780199537,0.169375425,0.696599819,0.071769248,0.928799759,0.086123097,0.00861231,0,6636.124203,0.000209642,0.976346522,0.683591071,994.6470805,0,3,7.350333513,10.21942318,-6.597060133,-4.729339847,-6.957400905
883 RC301 on food L_2011_03_08__17_02___3___13_eig_generated,97.60646281,1131.868325,77.0811127,64.31816354,61.70630206,64.66452794,1.741499547,0.186600044,0.754649804,0.028707699,0.735299809,0.071769248,0.00861231,0,11084.32149,0.000248319,0.981427944,0.671036713,1026.073036,0,3,1.104963435,-2.062884833,-2.468479942,2.185293632,0.419126563
883 RC301 on food L_2011_03_08__17_02___3___13_eig_generated_Lnoise,97.53118447,1131.567376,81.91307902,65.9861116,66.29475575,66.05462843,1.547999598,0.198083124,0.677249824,0.028707699,0.735299809,0.111960027,0.022966159,0.00861231,3918.573319,0.000249071,0.97812807,0.677725033,1005.92641,0,3,-0.829011787,-3.220333858,-3.221390895,2.18355606,-0.893004433
883 RC301 on food L_2011_03_08__17_02___3___13_eig_generated_noise,97.58279826,1131.73938,88.10610136,74.27051862,69.99419897,71.19085719,2.96054923,0.163633885,0.619199839,0.022966159,0.851399779,0.091864637,0.00574154,0,8792.217009,0.00022122,0.982180903,0.669528199,1023.433862,0,3,1.746866782,2.450837418,-4.834684766,3.82947215,1.60594769
,,,,,,,,,,,,,,,,,,,,,,,,,,
file_name,morphology.width.midbody,morphology.length,locomotion.velocity.head_tip.speed,locomotion.velocity.head.speed,locomotion.velocity.midbody.speed,locomotion.velocity.tail.speed,locomotion.motion_events.forward.event_durations,locomotion.motion_events.forward.frequency,locomotion.motion_events.paused.event_durations,locomotion.motion_events.paused.frequency,locomotion.motion_events.backward.event_durations,locomotion.motion_events.backward.frequency,locomotion.omega_turns.frequency,locomotion.upsilon_turns.frequency,path.range,path.curvature,posture.eccentricity,posture.amplitude_ratio,posture.track_length,posture.coils.frequency,posture.kinks,posture.bends.head.mean,posture.bends.neck.mean,posture.bends.midbody.mean,posture.bends.hips.mean,posture.bends.tail.mean
247 JU438 on food L_2011_03_07__12_53___3___7,88.5542,1129.88,143.349,122.549,107.452,101.751,2.28105,0.13013977,0.7659,0.076749095,1.4985,0.0389307,0.002224611,nan,2594.5,0.000562002,0.972312,0.707385,858.061,nan,4,0.152472,0.0521603,0.00989757,-0.0817128,-0.133655
300 LSJ1 on food L_2011_03_07__16_33___3___13,86.8117,1212.43,260.491,243.334,230.871,230.43,7.47585,0.068962955,0.88245,0.006673834,1.6317,0.047829146,0.006673834,nan,3258.18,0.000490473,0.964359,0.748925,884.587,nan,4,0.102181,0.0320955,0.00639038,-0.0556975,-0.0593218
399 CB4856 on food R_2011_03_07__11_08___3___1,91.4023,1148.28,231.763,217.53,200.194,199.513,10.8558,0.061176815,0.88245,0.017796892,1.2987,0.0389307,0.001112306,nan,3619.38,0.000476613,0.979521,0.720906,908.235,nan,4,-0.0830415,-0.0911558,0.00255716,0.0673945,0.0644908
431 JU298 on food L_2011_03_07__11_42___3___3,90.1028,1152.97,230.722,213.216,195.038,187.734,4.7619,0.096774183,0.64935,0.022246939,1.5651,0.054504999,0.003337041,nan,3048.73,0.000527208,0.969894,0.737045,865.143,nan,4,0.109328,-0.0214099,0.00974783,-0.000450532,-0.0800986
800 MY16 on food R_2011_03_07__12_17___3___5,90.8661,1123.68,226.222,208.297,195.719,192.202,4.44555,0.087872152,0.78255,0.033369172,1.4652,0.053390675,0.005561529,nan,3115.32,0.000452065,0.98332,0.716784,906.395,nan,4,0.0143179,0.0322614,0.00958315,-0.0395799,-0.0409323
814 JU393 on food R_2011_03_07__15_58___3___11,92.7257,1217.21,243.933,228.459,212.505,211.005,7.4592,0.062289121,0.5661,0.003336917,1.8648,0.045604535,0.004449223,nan,3726.92,0.000494227,0.975323,0.73483,940.801,nan,4,0.00400658,0.0558531,0.00638424,-0.0314238,-0.0230189
N2 on food R_2011_03_07__15_24___3___9,93.9691,1316.8,20.0075,16.5318,12.4588,6.85042,1.5318,0.087875407,1.4319,0.22469408,1.1322,0.074527244,nan,nan,907.173,0.000424764,0.978976,0.68847,999.725,nan,4,-0.262245,-0.0781639,-0.0236786,0.146007,0.270365
features_simulated_7_100_100_100_100_7_600ep,,,,,,,,,,,,,,,,,,,,,,,,,,
247 JU438 on food R_2011_03_08__15_18___3___7_eig_generated,97.61831644,1132.0234,122.270695,107.916204,104.1962653,100.3827451,2.592899326,0.117701566,0.696599819,0.01435385,0.773999799,0.060286168,0.028707699,0.00287077,7217.884732,0.000139578,0.981706543,0.69533921,1036.324798,0,3,7.355331805,3.534418679,-0.515782876,-6.183495405,0.401293616
247 JU438 on food R_2011_03_08__15_18___3___7_eig_generated_Lnoise,97.44643444,1131.389808,132.5193788,116.8040679,113.8084891,107.3150225,2.283299406,0.117701566,1.006199738,0.00574154,0.851399779,0.043061549,0.057415398,0.00574154,10411.46806,0.000124872,0.973914469,0.691795509,995.2346485,0,3,5.319863769,-1.668509923,-4.397101326,-1.699652239,4.831307093
247 JU438 on food R_2011_03_08__15_18___3___7_eig_generated_noise,97.28792203,1130.595315,69.05145927,52.10679963,59.98146519,50.54734021,1.741499547,0.186600044,0.657899829,0.00574154,1.006199738,0.028707699,0.045932319,0.00287077,12541.2688,0.000245696,0.959826307,0.686863845,939.8394251,0,3,14.13598699,-6.605379069,-9.871328494,2.311241281,9.633119975
399 CB4856 on food L_2011_03_08__11_48___3___1_eig_generated,97.60305371,1131.871802,126.029015,114.6869956,113.7635494,112.3318112,1.238399678,0.137796956,0.812699789,0.00861231,0.580499849,0.025836929,0.017224619,0,12150.49711,0.000134648,0.979586371,0.681754741,1026.064043,0,3,11.28929337,-1.498336556,-3.782433684,-1.333850264,7.189251891
399 CB4856 on food L_2011_03_08__11_48___3___1_eig_generated_Lnoise,97.41873019,1131.126252,94.8720323,76.06311667,79.83974177,74.56948128,2.244599416,0.169375425,0.696599819,0.00861231,0.696599819,0.043061549,0.066027708,0.00574154,6871.389518,0.000214577,0.968559079,0.679452503,970.9388961,0,3,6.066222044,-3.028359934,-5.501482338,-3.411224835,4.602109757
399 CB4856 on food L_2011_03_08__11_48___3___1_eig_generated_noise,97.54818469,1131.760222,156.711709,144.1212002,140.5152607,138.1699508,1.934999497,0.134926186,0.928799759,0.00861231,0.696599819,0.051673858,0.020095389,0.01148308,11417.10384,0.000105305,0.977598911,0.696537789,1014.703316,0,3,6.75850686,-0.814251778,-2.439500146,-2.598686681,3.422292618
431 JU298 on food L_2011_03_08__12_23___3___3_eig_generated,97.53935408,1131.702627,123.9732538,112.9645242,105.8789122,101.8987513,1.277099668,0.137796956,0.735299809,0.00287077,0.793349794,0.040190779,0.01148308,0.00287077,14465.1007,8.17E-05,0.976958772,0.684469193,1013.118647,0,3,12.85690381,-3.628487772,-7.786964516,1.498413988,8.903734761
431 JU298 on food L_2011_03_08__12_23___3___3_eig_generated_Lnoise,97.48523227,1131.48623,142.3138182,127.696811,124.3882145,124.4140552,2.360699386,0.134926186,0.909449764,0.00574154,0.851399779,0.066027708,0.025836929,0.00574154,11062.68037,0.000159457,0.974500573,0.689243037,995.7090674,0,3,3.815246134,1.33612117,-3.340468571,-3.251750159,4.096940377
431 JU298 on food L_2011_03_08__12_23___3___3_eig_generated_noise,97.47857522,1131.383345,99.47861416,75.44084331,78.41395452,74.44855879,1.431899628,0.169375425,0.735299809,0.025836929,0.870749774,0.057415398,0.066027708,0,10002.72971,0.000205201,0.972850696,0.685586635,993.4837385,0,3,9.654660291,0.330319714,-1.289646868,-5.55794029,2.290257305
800 MY16 on food L_2011_03_08__12_57___3___5_eig_generated,97.67528131,1132.263259,175.3292037,169.1333907,167.9652174,165.7253471,1.896299507,0.077510788,0.677249824,0.017224619,0.812699789,0.025836929,0.017224619,0.00574154,9775.579305,0.000109904,0.982841936,0.715576146,1048.287699,0,3,6.152573112,3.511701524,-3.340793489,-4.227003361,0.275076611
800 MY16 on food L_2011_03_08__12_57___3___5_eig_generated_Lnoise,97.45990056,1131.426363,125.016363,110.7327706,105.8533354,104.7168985,1.876949512,0.160763115,0.677249824,0.01148308,0.832049784,0.045932319,0.037320009,0.00861231,5820.262964,0.000151972,0.974283888,0.683715945,996.07755,0,3,6.362856289,0.290152011,-1.636756353,-3.353851727,3.728799894
800 MY16 on food L_2011_03_08__12_57___3___5_eig_generated_noise,97.47683727,1131.351002,105.1375541,85.87274265,86.58082194,79.06856403,1.857599517,0.169375425,0.928799759,0.00287077,0.715949814,0.045932319,0.054544628,0,8746.919892,0.000189116,0.974361532,0.696490382,997.4091996,0,3,9.10108433,-1.468233981,-7.613341843,-0.867217816,6.601478896
814 JU393 on food R_2011_03_08__16_28___3___11_eig_generated,95.64030017,1127.566839,-25.12032441,-19.93025458,19.09337856,-30.74691403,1.199699688,0.413390868,0,0,0.928799759,0.00287077,0,0,50.45891285,-0.00092063,0.788150911,0.675115448,560.685827,0,3,20.40309342,-13.03516618,-39.82781422,9.844524803,23.80726571
814 JU393 on food R_2011_03_08__16_28___3___11_eig_generated_Lnoise,97.48015665,1131.417346,124.5695069,106.4215111,104.5850974,101.0875589,3.482999094,0.117701566,0.580499849,0.01435385,0.890099769,0.060286168,0.031578469,0.00287077,9142.050521,0.00016097,0.974296122,0.674898678,991.9734291,0,3,5.163012721,1.94278264,-0.176033248,-3.742296579,2.216692367
814 JU393 on food R_2011_03_08__16_28___3___11_eig_generated_noise,95.72534639,1127.926847,-26.73135706,-22.05886685,27.88005835,-23.84187656,1.702799557,0.275593912,0.580499849,0.00574154,0.851399779,0.01435385,0.00861231,0.00287077,3519.514907,0.000297273,0.80860958,0.689645385,564.1571948,0,3,18.88461384,-11.57400209,-39.33528817,8.705584127,22.29792609
883 RC301 on food L_2011_03_08__17_02___3___13_eig_generated,97.51944797,1131.708315,140.76463,134.1542816,134.4298126,127.5544842,1.199699688,0.140667726,0,0,0.832049784,0.017224619,0.040190779,0.00287077,12738.4747,0.00010865,0.976148177,0.689306218,1015.382934,0,3,11.55834024,-8.52051335,-9.674605737,3.25671072,10.32961403
883 RC301 on food L_2011_03_08__17_02___3___13_eig_generated_Lnoise,97.40624323,1131.09548,71.25542369,56.23106286,62.74715879,57.64914849,2.051099467,0.209566204,0.541799859,0.020095389,0.677249824,0.068898478,0.034449239,0.00861231,11594.96799,0.000259863,0.970312847,0.677354289,968.8705252,0,3,8.010385909,1.514187693,-0.350054204,-5.25932365,4.133104247
883 RC301 on food L_2011_03_08__17_02___3___13_eig_generated_noise,97.47653076,1131.441432,136.2556211,117.7683529,111.9673926,107.1520738,2.283299406,0.132055416,0.619199839,0.00287077,0.870749774,0.028707699,0.063156938,0,8184.955747,0.000163804,0.973566589,0.697351159,996.4161276,0,3,8.30889985,-1.622919072,-5.203004998,-2.988432349,3.801432023
N2 on food L_2011_03_08__15_53___3___9_eig_generated,95.66062404,1127.682045,-24.35686889,-19.34318192,20.92637295,-29.03338358,1.199699688,0.373200089,0,0,0.793349794,0.00574154,0,0.00574154,1592.357066,-4.68E-05,0.797202242,0.67511875,561.5130848,0,3,19.88956635,-12.92422669,-39.77877788,9.142108923,23.41766057
N2 on food L_2011_03_08__15_53___3___9_eig_generated_Lnoise,97.48317434,1131.471564,126.320612,106.8931113,104.0251151,103.9906483,2.360699386,0.126313876,0.580499849,0.00861231,0.696599819,0.048803089,0.020095389,0,13098.10904,0.000195288,0.975576966,0.671764623,998.4680189,0,3,6.621506967,3.608338618,0.912614473,-4.376858633,3.005865708
N2 on food L_2011_03_08__15_53___3___9_eig_generated_noise,97.4743056,1131.250538,95.45421007,80.67341746,79.70561722,75.39711064,2.012399477,0.163633885,0.619199839,0.00861231,0.773999799,0.068898478,0.045932319,0.00574154,6994.175597,0.000161103,0.973648781,0.688816474,994.0236681,0,3,10.21390873,-0.445874098,-4.845357427,-1.689858843,6.972253873
,,,,,,,,,,,,,,,,,,,,,,,,,,
file_name,morphology.width.midbody,morphology.length,locomotion.velocity.head_tip.speed,locomotion.velocity.head.speed,locomotion.velocity.midbody.speed,locomotion.velocity.tail.speed,locomotion.motion_events.forward.event_durations,locomotion.motion_events.forward.frequency,locomotion.motion_events.paused.event_durations,locomotion.motion_events.paused.frequency,locomotion.motion_events.backward.event_durations,locomotion.motion_events.backward.frequency,locomotion.omega_turns.frequency,locomotion.upsilon_turns.frequency,path.range,path.curvature,posture.eccentricity,posture.amplitude_ratio,posture.track_length,posture.coils.frequency,posture.kinks,posture.bends.head.mean,posture.bends.neck.mean,posture.bends.midbody.mean,posture.bends.hips.mean,posture.bends.tail.mean
247 JU438 on food L_2011_03_07__12_53___3___7,88.5542,1129.88,143.349,122.549,107.452,101.751,2.28105,0.13013977,0.7659,0.076749095,1.4985,0.0389307,0.002224611,nan,2594.5,0.000562002,0.972312,0.707385,858.061,nan,4,0.152472,0.0521603,0.00989757,-0.0817128,-0.133655
300 LSJ1 on food L_2011_03_07__16_33___3___13,86.8117,1212.43,260.491,243.334,230.871,230.43,7.47585,0.068962955,0.88245,0.006673834,1.6317,0.047829146,0.006673834,nan,3258.18,0.000490473,0.964359,0.748925,884.587,nan,4,0.102181,0.0320955,0.00639038,-0.0556975,-0.0593218
399 CB4856 on food R_2011_03_07__11_08___3___1,91.4023,1148.28,231.763,217.53,200.194,199.513,10.8558,0.061176815,0.88245,0.017796892,1.2987,0.0389307,0.001112306,nan,3619.38,0.000476613,0.979521,0.720906,908.235,nan,4,-0.0830415,-0.0911558,0.00255716,0.0673945,0.0644908
431 JU298 on food L_2011_03_07__11_42___3___3,90.1028,1152.97,230.722,213.216,195.038,187.734,4.7619,0.096774183,0.64935,0.022246939,1.5651,0.054504999,0.003337041,nan,3048.73,0.000527208,0.969894,0.737045,865.143,nan,4,0.109328,-0.0214099,0.00974783,-0.000450532,-0.0800986
800 MY16 on food R_2011_03_07__12_17___3___5,90.8661,1123.68,226.222,208.297,195.719,192.202,4.44555,0.087872152,0.78255,0.033369172,1.4652,0.053390675,0.005561529,nan,3115.32,0.000452065,0.98332,0.716784,906.395,nan,4,0.0143179,0.0322614,0.00958315,-0.0395799,-0.0409323
814 JU393 on food R_2011_03_07__15_58___3___11,92.7257,1217.21,243.933,228.459,212.505,211.005,7.4592,0.062289121,0.5661,0.003336917,1.8648,0.045604535,0.004449223,nan,3726.92,0.000494227,0.975323,0.73483,940.801,nan,4,0.00400658,0.0558531,0.00638424,-0.0314238,-0.0230189
N2 on food R_2011_03_07__15_24___3___9,93.9691,1316.8,20.0075,16.5318,12.4588,6.85042,1.5318,0.087875407,1.4319,0.22469408,1.1322,0.074527244,nan,nan,907.173,0.000424764,0.978976,0.68847,999.725,nan,4,-0.262245,-0.0781639,-0.0236786,0.146007,0.270365
features_simulated_7_100_100_100_100_7_1000ep,,,,,,,,,,,,,,,,,,,,,,,,,,
247 JU438 on food R_2011_03_08__15_18___3___7_eig_generated,97.70056867,1132.093117,238.405949,247.6871055,251.5190066,246.9678426,1.238399678,0.123443106,0.657899829,0.025836929,0.754649804,0.103347717,0,0,8265.990962,4.51E-05,0.982414807,0.719858002,1037.575829,0,3,-2.996776965,-3.669035512,1.460153562,-3.097211935,-0.292465825
247 JU438 on food R_2011_03_08__15_18___3___7_eig_generated_Lnoise,97.63037035,1131.834083,100.6867045,83.41671747,72.87399482,74.75315611,1.373849643,0.212436974,0.580499849,0.01435385,0.812699789,0.149280036,0,0.00861231,9475.363119,0.00013888,0.981969757,0.68700297,1025.070187,0,3,-3.287997577,-2.891244841,1.565983134,-2.162083666,0.952904678
247 JU438 on food R_2011_03_08__15_18___3___7_eig_generated_noise,97.63308207,1131.861844,111.1234329,90.69537385,90.22820967,87.72173298,1.393199638,0.177987735,0.677249824,0.022966159,0.735299809,0.149280036,0.00861231,0.00861231,9665.907537,0.000130125,0.982343449,0.686113192,1030.363537,0,3,-2.129742535,-3.925301178,0.194917646,-1.881201311,-1.323953812
399 CB4856 on food L_2011_03_08__11_48___3___1_eig_generated,97.74316807,1132.322667,275.533688,274.1028783,277.1917574,271.337807,3.521699084,0.01435385,0.503099869,0.00287077,1.219049683,0.00574154,0,0.00287077,12524.23019,3.13E-05,0.982376693,0.733271583,1040.900034,0,3,-0.027961286,0.088899139,-1.539891205,-0.749031307,0.751493779
399 CB4856 on food L_2011_03_08__11_48___3___1_eig_generated_Lnoise,97.64517837,1131.901138,111.5800503,93.56821103,88.71589397,90.02899165,1.354499648,0.192341584,0.580499849,0.020095389,0.715949814,0.126313876,0,0.00287077,6923.389416,0.000124271,0.981933374,0.678501746,1027.189201,0,3,-5.870777454,-4.075212767,3.001769583,-4.724513291,-1.338353754
399 CB4856 on food L_2011_03_08__11_48___3___1_eig_generated_noise,97.60372513,1131.750918,80.93338706,69.71269588,58.22767335,62.60320482,1.606049582,0.218178513,0.541799859,0.025836929,0.657899829,0.140667726,0,0.00574154,4730.230316,0.000221669,0.982022286,0.666309376,1022.365677,0,3,-4.944535762,-6.596234443,0.56994592,-2.447952632,-2.545536589
431 JU298 on food L_2011_03_08__12_23___3___3_eig_generated,97.71655077,1132.125221,256.6204257,262.0544059,264.7356213,259.8666695,1.741499547,0.106218487,0.890099769,0.00861231,0.773999799,0.043061549,0.00287077,0,11899.80279,4.03E-05,0.982080218,0.713771159,1036.115552,0,3,-0.116900685,-0.780384824,-1.197930975,0.072214935,1.442463894
431 JU298 on food L_2011_03_08__12_23___3___3_eig_generated_Lnoise,97.61420626,1131.758224,91.18474841,76.0527244,70.9128189,73.47324113,1.509299608,0.229661593,0.619199839,0.020095389,0.754649804,0.166504655,0.00861231,0.00287077,8737.198625,0.000160682,0.981351289,0.671096101,1019.508656,0,3,-4.092087617,-4.235704907,1.326678631,-2.372804429,-1.952928884
431 JU298 on food L_2011_03_08__12_23___3___3_eig_generated_noise,97.69156497,1132.034002,169.4639156,154.896594,150.7856574,148.8007122,2.438099366,0.114830797,0.696599819,0.00861231,0.773999799,0.083252328,0.00287077,0.00287077,11369.95345,7.64E-05,0.98304472,0.693367593,1036.735791,0,3,-0.181944129,-2.939368693,0.129588304,0.059524428,0.584640086
800 MY16 on food L_2011_03_08__12_57___3___5_eig_generated,97.70342576,1132.10816,249.3648992,254.5729742,257.6502737,253.7425744,1.470599618,0.106218487,0.677249824,0.01148308,0.773999799,0.066027708,0.00574154,0,9707.568804,4.23E-05,0.982666477,0.730206101,1039.114678,0,3,-1.213662816,-2.103798116,-0.986226979,-1.603558294,0.084358777
800 MY16 on food L_2011_03_08__12_57___3___5_eig_generated_Lnoise,97.63394629,1131.887599,87.37601629,69.10118825,62.20981423,66.82300807,1.470599618,0.200953894,0.580499849,0.037320009,0.812699789,0.152150805,0.00574154,0.00861231,3619.465883,0.00013286,0.982312239,0.680565661,1028.812193,0,3,-6.70127945,-3.894515062,3.382903872,-4.644174434,-0.065246949
800 MY16 on food L_2011_03_08__12_57___3___5_eig_generated_noise,97.68593091,1132.035167,140.7257171,123.9089906,119.1302392,116.8236697,1.373849643,0.155021575,0.599849844,0.017224619,0.773999799,0.123443106,0.00287077,0.00287077,8175.629394,8.97E-05,0.98400949,0.693840633,1039.901108,0,3,-3.114870613,-5.042700196,1.140275841,-1.921522415,-2.166647681
814 JU393 on food R_2011_03_08__16_28___3___11_eig_generated,97.73458135,1132.278061,266.5319734,267.4356301,271.0720056,265.1621997,1.644749572,0.045932319,0.967499748,0.00287077,0.793349794,0.034449239,0,0,11737.51927,3.42E-05,0.982830769,0.733265312,1042.616922,0,3,-0.879398737,-2.39648669,0.113373912,-2.090938495,-0.482293532
814 JU393 on food R_2011_03_08__16_28___3___11_eig_generated_Lnoise,97.63423636,1131.9079,106.9941202,88.38344858,82.08489917,82.61577413,1.664099567,0.195212354,0.522449864,0.017224619,0.696599819,0.152150805,0.00287077,0.00861231,8743.307888,0.000115476,0.981682619,0.667339363,1026.672579,0,3,-3.185539527,-4.386513839,0.795323785,-2.271115369,0.092107909
814 JU393 on food R_2011_03_08__16_28___3___11_eig_generated_noise,97.68480008,1132.047988,183.9582719,174.413749,172.0557469,166.0042776,1.528649603,0.114830797,0.561149854,0.00574154,0.773999799,0.088993867,0.00287077,0.00287077,10874.68255,6.63E-05,0.982480276,0.695974421,1034.167434,0,3,-2.471885917,-4.517057626,0.879287414,-2.056804698,-2.271491786
883 RC301 on food L_2011_03_08__17_02___3___13_eig_generated,97.72640865,1132.248872,276.6107281,275.6333675,279.8143563,272.6569753,1.277099668,0.022966159,1.238399678,0.00287077,0.851399779,0.00861231,0.00574154,0,13442.29369,2.87E-05,0.981489942,0.744796933,1038.545277,0,3,0.045710823,0.517358396,-1.843583699,-1.494003404,0.978446777
883 RC301 on food L_2011_03_08__17_02___3___13_eig_generated_Lnoise,97.64362006,1131.833496,115.8921709,101.6836102,93.9420317,93.37803855,1.683449562,0.172246195,0.677249824,0.017224619,0.812699789,0.106218487,0.00861231,0.00287077,7910.119381,0.000110446,0.981642327,0.675847475,1020.340412,0,3,-5.958784525,-2.748686752,1.236021104,-3.060818724,-0.398436901
883 RC301 on food L_2011_03_08__17_02___3___13_eig_generated_noise,97.69933101,1132.096455,220.888015,218.6766486,222.5075819,218.0360792,1.683449562,0.114830797,0.967499748,0.00861231,0.812699789,0.063156938,0,0,9925.05384,5.11E-05,0.982809644,0.704681772,1037.20263,0,3,-1.215329487,-2.881426547,0.131922767,-1.28131198,0.110475243
N2 on food L_2011_03_08__15_53___3___9_eig_generated,97.72441267,1132.209133,265.1577323,268.3402443,271.7096216,265.3899255,1.741499547,0.051673858,0.773999799,0.00574154,0.735299809,0.040190779,0.00287077,0,13619.58093,3.43E-05,0.982682635,0.724948985,1039.738381,0,3,-1.54758252,-1.749312543,-0.370286657,-1.857320193,-0.118705042
N2 on food L_2011_03_08__15_53___3___9_eig_generated_Lnoise,97.64024114,1131.888924,97.63890843,81.87372688,72.07386474,75.59346471,1.277099668,0.215307744,0.715949814,0.022966159,0.696599819,0.157892345,0,0.00287077,6555.794845,0.000117442,0.982716129,0.67519138,1028.060966,0,3,-5.793444623,-4.694766858,3.021407191,-4.956302474,-0.097814552
N2 on food L_2011_03_08__15_53___3___9_eig_generated_noise,97.65299032,1131.879759,105.0195649,88.92365012,80.34444595,82.10603325,1.199699688,0.163633885,0.696599819,0.020095389,0.773999799,0.143538496,0.00287077,0.00287077,12426.84176,0.000115196,0.983085442,0.680641288,1029.623064,0,3,-4.732204309,-6.765169877,1.680842822,-4.665219153,-5.158572602
